Id,單價元平方公尺
0,127545.48
1,107799.69
2,101606.62
3,123929.0
4,261063.97
5,191162.98
6,170207.33
7,164366.95
8,181691.34
9,204014.55
10,256411.75
11,221918.11
12,111974.33
13,145962.02
14,151074.56
15,94853.62
16,136117.0
17,250166.02
18,222430.14
19,165169.28
20,273331.72
21,106277.96
22,112763.12
23,133237.39
24,120767.57
25,119295.52
26,105969.55
27,195168.92
28,262438.94
29,256932.81
30,256977.92
31,246820.22
32,210696.69
33,305935.12
34,230498.44
35,235401.64
36,250299.22
37,182542.67
38,223195.38
39,144190.72
40,139590.05
41,224891.92
42,209347.31
43,118312.55
44,111345.44
45,157705.8
46,168024.75
47,222259.16
48,169188.19
49,229617.92
50,139322.44
51,204326.64
52,223842.81
53,235645.42
54,144028.12
55,223813.25
56,141189.94
57,164713.47
58,166251.88
59,152637.58
60,113955.125
61,118269.57
62,154240.55
63,167515.33
64,88297.664
65,162337.4
66,126795.1
67,134566.84
68,119457.12
69,86258.34
70,131647.98
71,109090.65
72,124419.266
73,106979.89
74,142250.88
75,114966.57
76,109651.32
77,110482.96
78,166129.3
79,113048.57
80,206369.56
81,93680.8
82,106723.664
83,92668.51
84,156241.08
85,150179.38
86,134342.16
87,104629.51
88,129169.49
89,160254.11
90,215834.22
91,112198.91
92,114356.4
93,118935.46
94,199438.19
95,108141.93
96,121061.49
97,92158.97
98,92004.59
99,120199.805
100,137633.0
101,111461.24
102,92847.94
103,104672.65
104,121353.9
105,145786.3
106,129918.06
107,196284.88
108,153837.47
109,106285.3
110,221563.38
111,174609.14
112,185160.69
113,189046.61
114,83651.516
115,78587.984
116,180241.6
117,181055.75
118,219740.42
119,219931.53
120,238322.2
121,225064.4
122,166318.73
123,208403.92
124,206653.6
125,213816.1
126,207548.23
127,210803.08
128,217802.33
129,181408.27
130,167064.56
131,263053.25
132,172402.06
133,179550.8
134,187245.95
135,184654.48
136,185346.06
137,154650.14
138,192826.97
139,174020.84
140,210422.97
141,220099.16
142,145842.94
143,157773.16
144,201037.25
145,146933.39
146,177288.95
147,189305.61
148,151575.58
149,164782.66
150,234684.56
151,211211.22
152,223615.31
153,187686.16
154,180497.22
155,184817.11
156,192823.89
157,200182.17
158,166588.36
159,224202.45
160,208601.0
161,142998.52
162,178036.4
163,118487.66
164,135870.92
165,146258.67
166,201146.03
167,249148.58
168,161237.86
169,193420.48
170,174499.94
171,149710.39
172,175422.45
173,196429.92
174,189236.78
175,162627.36
176,202381.92
177,206773.31
178,135994.73
179,134942.73
180,152020.4
181,187836.66
182,181645.52
183,244483.23
184,155609.56
185,200932.5
186,200696.62
187,225081.97
188,144166.19
189,173303.05
190,149059.45
191,199675.7
192,306424.34
193,144269.14
194,208708.05
195,242250.36
196,219947.64
197,274532.62
198,270333.8
199,286690.03
200,133433.69
201,202000.6
202,247452.31
203,152569.86
204,176102.47
205,163157.89
206,203525.8
207,152728.7
208,172383.28
209,137435.88
210,219398.17
211,255031.34
212,157995.02
213,228058.6
214,152788.19
215,202414.19
216,184634.1
217,158336.06
218,181528.81
219,252327.28
220,297977.22
221,161730.81
222,221126.23
223,155382.8
224,190640.39
225,187497.22
226,212173.06
227,256514.31
228,193014.88
229,193301.45
230,139580.56
231,196798.58
232,205492.4
233,219064.39
234,267549.75
235,174889.95
236,263481.84
237,261491.38
238,242457.47
239,196219.06
240,214279.25
241,265039.16
242,271365.7
243,207440.3
244,214817.05
245,300628.3
246,328886.22
247,314070.16
248,303952.1
249,177376.67
250,268179.6
251,215610.38
252,220862.36
253,192646.03
254,225680.72
255,329542.84
256,228660.36
257,273535.22
258,170270.39
259,155419.2
260,176515.33
261,174493.94
262,327903.84
263,128786.27
264,156808.97
265,171164.39
266,222364.52
267,152616.39
268,160031.62
269,216702.98
270,178909.8
271,176984.48
272,283144.28
273,262458.34
274,222373.0
275,145837.17
276,120400.234
277,134892.44
278,171354.97
279,178001.11
280,276107.44
281,213576.17
282,223946.75
283,179915.12
284,211665.97
285,207351.06
286,224201.92
287,219746.69
288,211088.52
289,220873.47
290,241057.69
291,277189.6
292,233256.3
293,260843.33
294,223751.66
295,206722.2
296,220993.44
297,149184.61
298,202722.69
299,254546.25
300,162000.44
301,140398.67
302,201220.98
303,160277.55
304,178140.97
305,139944.31
306,266437.75
307,217136.17
308,243867.47
309,220480.12
310,264283.66
311,223286.9
312,149684.94
313,199742.23
314,183931.22
315,220213.2
316,139450.55
317,144918.58
318,175224.75
319,176529.44
320,319231.6
321,153035.14
322,222480.84
323,145946.98
324,343653.53
325,227272.17
326,183828.89
327,238311.6
328,168373.53
329,179013.27
330,151686.42
331,223191.23
332,164127.72
333,162222.36
334,261103.5
335,128259.805
336,134033.67
337,256336.45
338,172495.86
339,178776.48
340,243156.95
341,202876.89
342,165636.9
343,118769.81
344,181959.23
345,188839.55
346,184404.55
347,164650.14
348,246365.67
349,305988.78
350,160781.55
351,181227.52
352,186933.66
353,211622.84
354,240812.2
355,178082.88
356,190096.58
357,216266.88
358,290654.03
359,191467.97
360,157776.22
361,177767.52
362,116353.45
363,225577.16
364,120842.164
365,137599.97
366,296668.5
367,125767.016
368,240817.84
369,192655.98
370,172390.94
371,184438.7
372,203780.48
373,210725.2
374,153547.75
375,208939.1
376,222214.89
377,113452.22
378,212023.28
379,276872.0
380,227210.36
381,129285.12
382,130572.53
383,244843.6
384,117732.73
385,140666.62
386,161403.31
387,242062.66
388,272417.2
389,165698.11
390,184260.3
391,202639.81
392,227003.53
393,165718.38
394,156033.33
395,245410.23
396,205137.83
397,208305.39
398,164866.19
399,147878.28
400,220848.42
401,181066.78
402,98155.08
403,181748.78
404,148360.89
405,156502.92
406,128508.375
407,134449.0
408,151398.36
409,137366.45
410,176151.48
411,186196.42
412,173666.1
413,250921.22
414,143079.44
415,165745.83
416,88232.664
417,212507.56
418,114649.47
419,161252.02
420,172046.77
421,171211.62
422,151416.31
423,151708.73
424,120085.78
425,131055.984
426,228721.36
427,135793.48
428,168892.94
429,153653.33
430,149187.62
431,158749.38
432,142602.12
433,266106.1
434,127096.88
435,181363.53
436,155888.0
437,129733.63
438,236405.38
439,180752.94
440,99932.68
441,148349.86
442,138524.23
443,137733.8
444,217101.89
445,158285.94
446,236977.47
447,169230.88
448,93057.98
449,153587.75
450,184006.0
451,184298.05
452,99461.07
453,253943.22
454,220418.61
455,196343.4
456,163373.77
457,235962.27
458,152805.66
459,176788.52
460,238633.02
461,193323.5
462,123685.195
463,110823.414
464,198714.22
465,265048.03
466,169027.52
467,174760.69
468,214189.33
469,199166.52
470,159728.23
471,127334.695
472,130061.234
473,139691.92
474,141928.53
475,128295.86
476,206919.7
477,155006.39
478,122153.97
479,151138.55
480,94051.98
481,184273.98
482,247390.45
483,140822.94
484,112052.766
485,157317.72
486,117951.83
487,150079.08
488,226122.22
489,159315.95
490,125963.13
491,152528.62
492,279009.7
493,151547.31
494,84439.14
495,87611.18
496,123533.36
497,228947.55
498,181174.25
499,199138.5
500,204635.34
501,93353.08
502,176468.67
503,227226.97
504,281606.4
505,143768.56
506,202330.72
507,88267.29
508,167062.58
509,130815.87
510,140966.73
511,132917.36
512,131076.06
513,96115.67
514,330729.34
515,226722.5
516,212776.92
517,160589.28
518,134578.83
519,120848.69
520,113593.63
521,151889.5
522,113577.47
523,241822.31
524,160309.25
525,89325.664
526,152518.47
527,113096.23
528,163207.6
529,109104.25
530,247185.08
531,72162.25
532,176779.72
533,177847.4
534,177988.44
535,169262.52
536,221938.75
537,209437.73
538,223615.11
539,118585.64
540,125057.695
541,236111.64
542,141242.22
543,177119.52
544,234646.7
545,108649.664
546,111425.91
547,253144.05
548,187631.33
549,92961.58
550,161450.53
551,131140.48
552,141087.19
553,174398.98
554,250331.08
555,192881.75
556,151799.47
557,250904.81
558,154990.19
559,133941.52
560,197212.02
561,112932.96
562,105946.42
563,241292.2
564,157269.19
565,125409.76
566,190616.3
567,164015.42
568,186493.19
569,196901.56
570,131048.36
571,137915.39
572,129706.73
573,118079.58
574,206147.11
575,137373.27
576,112248.805
577,90830.7
578,130343.77
579,165548.56
580,145993.12
581,139181.72
582,168704.4
583,172909.12
584,196311.56
585,223686.06
586,126889.695
587,132804.34
588,131861.44
589,183132.6
590,236906.64
591,158954.02
592,218864.92
593,278003.06
594,172086.97
595,135513.66
596,178332.84
597,261555.2
598,180857.61
599,136689.8
600,211493.47
601,162533.25
602,133004.45
603,132189.11
604,132781.02
605,161254.25
606,130267.16
607,275601.53
608,244136.86
609,270612.8
610,206947.69
611,219611.42
612,146122.03
613,107220.07
614,190908.33
615,226551.95
616,164857.66
617,116318.91
618,178198.98
619,201387.66
620,171221.56
621,283838.2
622,236841.1
623,87558.89
624,203676.89
625,185196.55
626,162027.56
627,168393.14
628,128479.17
629,134796.84
630,109710.89
631,189628.17
632,218026.77
633,139225.98
634,110172.8
635,131125.3
636,127188.63
637,344590.12
638,141543.78
639,128502.05
640,153160.97
641,181378.77
642,132260.64
643,125450.445
644,120283.13
645,178832.23
646,143979.11
647,151936.25
648,123107.14
649,131987.92
650,276739.47
651,183662.06
652,143166.02
653,139859.53
654,144043.88
655,169696.11
656,231191.11
657,159961.72
658,174732.03
659,179314.12
660,215072.2
661,200575.36
662,120503.07
663,144202.17
664,138202.66
665,152823.77
666,88479.734
667,158948.31
668,94026.625
669,142332.58
670,172717.81
671,157642.86
672,139430.12
673,178827.83
674,134218.31
675,190624.8
676,210221.19
677,201957.31
678,165526.4
679,169468.48
680,127806.766
681,131341.14
682,150044.25
683,289875.5
684,178959.78
685,226844.11
686,161579.47
687,261075.38
688,208020.16
689,137857.89
690,103070.91
691,107679.61
692,177735.55
693,196572.77
694,90642.11
695,131949.97
696,129875.06
697,233406.23
698,214915.12
699,161368.98
700,209703.95
701,172627.8
702,127374.17
703,145112.1
704,176571.9
705,201399.34
706,134499.23
707,212985.56
708,254525.9
709,223514.66
710,89318.766
711,127924.75
712,161784.0
713,202554.6
714,109615.5
715,101168.945
716,136614.86
717,142552.0
718,148166.89
719,253459.75
720,124458.53
721,181113.77
722,164859.36
723,87045.04
724,116340.82
725,200267.83
726,192328.36
727,132643.31
728,160343.38
729,181212.53
730,128774.516
731,187308.97
732,221108.61
733,121674.11
734,173129.1
735,121209.79
736,153744.88
737,103516.22
738,176306.25
739,150473.19
740,115029.06
741,163748.1
742,250901.97
743,99704.07
744,107513.12
745,189026.9
746,226108.17
747,173153.34
748,146189.22
749,138240.4
750,147985.89
751,190430.7
752,128091.484
753,153701.6
754,194486.75
755,219984.84
756,239823.78
757,202821.38
758,160327.38
759,204192.97
760,118410.914
761,239674.34
762,46005.895
763,174702.1
764,198823.6
765,129416.695
766,143108.28
767,257322.17
768,137288.34
769,159651.78
770,131825.66
771,195709.61
772,181379.34
773,168069.67
774,133479.61
775,133256.08
776,124090.195
777,184015.12
778,179434.17
779,146556.64
780,134025.89
781,107514.45
782,149836.28
783,131496.7
784,229809.25
785,146494.14
786,185734.98
787,131224.75
788,84947.21
789,171098.42
790,164593.86
791,175499.23
792,287303.7
793,133191.83
794,105019.14
795,249057.62
796,124902.46
797,105508.1
798,195533.8
799,249801.8
800,101603.5
801,121365.55
802,154914.42
803,129202.79
804,169088.08
805,116029.805
806,291067.66
807,110599.05
808,269956.7
809,109882.21
810,157757.22
811,280287.78
812,110210.94
813,299766.5
814,236422.7
815,183113.77
816,135425.44
817,154026.2
818,122150.11
819,268651.78
820,186492.94
821,151861.16
822,200431.6
823,169950.28
824,95766.555
825,159768.89
826,147298.27
827,170480.03
828,119077.92
829,136251.73
830,240205.52
831,166173.66
832,193948.72
833,203843.33
834,221500.06
835,93598.33
836,247940.38
837,178451.62
838,140371.19
839,155630.2
840,167850.0
841,168777.3
842,198403.2
843,118313.805
844,148494.92
845,152104.81
846,136145.48
847,137082.4
848,155442.17
849,297268.94
850,139330.33
851,118732.96
852,212255.11
853,113182.08
854,212991.47
855,166362.75
856,103548.914
857,220505.45
858,125635.3
859,156906.31
860,219603.58
861,76348.57
862,165698.47
863,164509.88
864,181467.11
865,225466.94
866,159962.73
867,209414.33
868,236469.58
869,127911.82
870,73845.37
871,237178.61
872,106512.67
873,148708.83
874,113170.21
875,115121.09
876,186709.12
877,191502.38
878,240124.34
879,122064.14
880,115103.85
881,51188.984
882,151277.8
883,167216.22
884,122761.62
885,159826.25
886,194266.72
887,144518.84
888,149365.14
889,226699.16
890,97750.4
891,211544.19
892,149816.84
893,124734.49
894,97402.65
895,136693.47
896,112804.92
897,88289.54
898,103068.67
899,224520.75
900,92949.56
901,209735.11
902,136402.06
903,263625.4
904,178656.81
905,128548.3
906,114015.07
907,216290.56
908,109598.945
909,132619.47
910,177039.38
911,185381.08
912,196877.98
913,147901.31
914,116171.39
915,128940.055
916,209318.36
917,175419.05
918,149197.5
919,126011.29
920,162216.25
921,119147.72
922,175880.34
923,123244.41
924,215030.92
925,194317.5
926,162324.78
927,148322.48
928,196145.48
929,151762.83
930,229709.17
931,82086.63
932,163213.61
933,142160.34
934,145957.02
935,157029.23
936,119077.81
937,181740.3
938,143254.16
939,163601.33
940,140067.25
941,122940.77
942,120456.836
943,248253.86
944,118381.57
945,148174.39
946,135061.67
947,160522.39
948,192297.78
949,239699.23
950,92381.87
951,117954.31
952,126678.91
953,144483.9
954,215523.02
955,174446.22
956,111955.29
957,215255.08
958,112495.66
959,180165.31
960,96979.086
961,106484.51
962,228141.02
963,199603.23
964,83891.086
965,190957.53
966,150731.61
967,143279.83
968,119486.5
969,194593.89
970,208140.06
971,219686.16
972,165426.11
973,135954.08
974,104249.016
975,167641.42
976,236470.88
977,95578.22
978,134627.23
979,258263.81
980,131222.12
981,175510.9
982,249353.73
983,203901.56
984,205057.52
985,77598.56
986,185012.17
987,111352.51
988,209916.64
989,235522.78
990,202201.55
991,88602.27
992,208297.61
993,162235.55
994,112075.18
995,109589.58
996,280619.84
997,107455.27
998,135520.48
999,85528.586
1000,148809.17
1001,205554.2
1002,203710.97
1003,113826.234
1004,205866.47
1005,153682.67
1006,141712.75
1007,172665.05
1008,134820.5
1009,121046.88
1010,146955.73
1011,140025.11
1012,122476.74
1013,217239.3
1014,222646.77
1015,170874.58
1016,148141.75
1017,138745.38
1018,183968.78
1019,135514.05
1020,123449.05
1021,195648.89
1022,222004.92
1023,176080.16
1024,133967.19
1025,157376.89
1026,106731.945
1027,195134.89
1028,210399.97
1029,250216.36
1030,144500.08
1031,205408.42
1032,102996.26
1033,204399.47
1034,129877.95
1035,211319.02
1036,132831.48
1037,179092.19
1038,195582.67
1039,155411.02
1040,130560.766
1041,173065.19
1042,258326.42
1043,271423.5
1044,125748.305
1045,117604.42
1046,143666.14
1047,191342.95
1048,166213.22
1049,141092.05
1050,196974.83
1051,130153.43
1052,129089.01
1053,82108.91
1054,231461.02
1055,222093.98
1056,102001.09
1057,164251.81
1058,220554.11
1059,96425.95
1060,222314.19
1061,161479.02
1062,156749.17
1063,133368.53
1064,197884.0
1065,129725.43
1066,112039.6
1067,214595.53
1068,146852.34
1069,154538.2
1070,162218.3
1071,141243.17
1072,115366.9
1073,133757.69
1074,152174.88
1075,102985.62
1076,93774.94
1077,207013.72
1078,131778.14
1079,207598.44
1080,248967.97
1081,275418.16
1082,132127.66
1083,200388.75
1084,179380.2
1085,174914.44
1086,144039.69
1087,137713.12
1088,107153.836
1089,177203.64
1090,134092.25
1091,96535.86
1092,155563.0
1093,141017.56
1094,173506.62
1095,129228.35
1096,129550.23
1097,142557.98
1098,157478.14
1099,212583.81
1100,120021.42
1101,84428.85
1102,199641.22
1103,78496.97
1104,151095.28
1105,258381.02
1106,153844.73
1107,144363.55
1108,136498.27
1109,81226.0
1110,145402.12
1111,164517.0
1112,141899.28
1113,226184.66
1114,187213.28
1115,154041.4
1116,222725.97
1117,143972.64
1118,169491.16
1119,226237.84
1120,117966.76
1121,220598.48
1122,120764.46
1123,141172.19
1124,202228.95
1125,142192.2
1126,130069.68
1127,269285.47
1128,122355.26
1129,146643.53
1130,215800.7
1131,146733.05
1132,166420.58
1133,173796.0
1134,126907.13
1135,166296.06
1136,215484.12
1137,184181.84
1138,204660.56
1139,155143.05
1140,203782.66
1141,203894.84
1142,165260.55
1143,117738.23
1144,116284.33
1145,156135.33
1146,224816.81
1147,151490.9
1148,229843.2
1149,189184.39
1150,128700.12
1151,228226.38
1152,228807.34
1153,183676.92
1154,240760.75
1155,146200.28
1156,152272.62
1157,107409.414
1158,175922.22
1159,128467.15
1160,152166.2
1161,130578.16
1162,231021.83
1163,162740.61
1164,211045.83
1165,247554.83
1166,154480.89
1167,250209.62
1168,144315.52
1169,216403.19
1170,254196.55
1171,132424.0
1172,168015.03
1173,231635.08
1174,92782.12
1175,122710.33
1176,239962.78
1177,178767.92
1178,166226.52
1179,173946.12
1180,144193.78
1181,123062.55
1182,311137.34
1183,207797.36
1184,136657.58
1185,142585.9
1186,191451.02
1187,195701.33
1188,247963.88
1189,107631.06
1190,215810.08
1191,192776.33
1192,127511.48
1193,222845.78
1194,156920.62
1195,143667.48
1196,221284.75
1197,221195.7
1198,184130.77
1199,149038.88
1200,201946.03
1201,158605.84
1202,183645.83
1203,198259.75
1204,99597.45
1205,147001.5
1206,201698.39
1207,116930.65
1208,107405.24
1209,128610.734
1210,172616.75
1211,157299.23
1212,150958.97
1213,182650.02
1214,191025.77
1215,176844.94
1216,125221.75
1217,109267.0
1218,179259.1
1219,139477.78
1220,224735.95
1221,148789.38
1222,127499.664
1223,109083.586
1224,166372.72
1225,162566.64
1226,217352.36
1227,130711.61
1228,194643.25
1229,172866.1
1230,101907.48
1231,122559.086
1232,115833.02
1233,147927.69
1234,144687.69
1235,206011.97
1236,92793.89
1237,152603.81
1238,123578.32
1239,105142.62
1240,151401.58
1241,187308.81
1242,156636.53
1243,150245.62
1244,105107.22
1245,139879.62
1246,99422.7
1247,141622.12
1248,94317.78
1249,101497.72
1250,87182.97
1251,54907.957
1252,128289.516
1253,80577.44
1254,98168.82
1255,115692.25
1256,98627.836
1257,89162.35
1258,94389.5
1259,97386.055
1260,204399.58
1261,117072.33
1262,104253.15
1263,140702.16
1264,137432.2
1265,118528.75
1266,149910.5
1267,141003.83
1268,148017.27
1269,177957.02
1270,107153.65
1271,113273.73
1272,110370.31
1273,158171.39
1274,143510.6
1275,206258.62
1276,134828.45
1277,110343.86
1278,96284.5
1279,94257.92
1280,153224.3
1281,133060.8
1282,106460.9
1283,129934.836
1284,149937.05
1285,112661.51
1286,133557.1
1287,113379.37
1288,131998.75
1289,173367.92
1290,123349.664
1291,146359.52
1292,134660.0
1293,122883.72
1294,99939.2
1295,160002.5
1296,121291.69
1297,139823.27
1298,136661.45
1299,144684.56
1300,136851.23
1301,108357.625
1302,134511.7
1303,137604.11
1304,159211.42
1305,109572.54
1306,116762.48
1307,138665.03
1308,126991.6
1309,161549.7
1310,196356.38
1311,158136.7
1312,153407.9
1313,140880.3
1314,125631.625
1315,161384.64
1316,136680.16
1317,123996.164
1318,113470.11
1319,108307.99
1320,136899.83
1321,204536.86
1322,163323.03
1323,156009.69
1324,113527.52
1325,111243.055
1326,131695.33
1327,167480.27
1328,156701.06
1329,163313.78
1330,139252.52
1331,143303.69
1332,151963.36
1333,116034.805
1334,101986.5
1335,118276.875
1336,176770.61
1337,164987.33
1338,156117.66
1339,145564.56
1340,142864.73
1341,165353.95
1342,149545.23
1343,140791.69
1344,180240.11
1345,124718.56
1346,230428.02
1347,154858.94
1348,148905.19
1349,191809.69
1350,122605.25
1351,187361.62
1352,146311.05
1353,181174.47
1354,170388.33
1355,157303.14
1356,163936.48
1357,144759.17
1358,162424.81
1359,160093.06
1360,165763.12
1361,144211.22
1362,118028.25
1363,141467.67
1364,145051.58
1365,156997.31
1366,151795.78
1367,183731.92
1368,152086.6
1369,148894.92
1370,185300.06
1371,145126.45
1372,137406.78
1373,143046.83
1374,157270.3
1375,168563.42
1376,134530.48
1377,204855.47
1378,158138.22
1379,143475.27
1380,155911.69
1381,203102.33
1382,166723.36
1383,158588.2
1384,160948.78
1385,160699.6
1386,143753.95
1387,180557.27
1388,148913.3
1389,188713.44
1390,157629.61
1391,160036.56
1392,157070.28
1393,170038.11
1394,160784.08
1395,197280.31
1396,150203.75
1397,161354.27
1398,160413.69
1399,197468.27
1400,153955.56
1401,164896.36
1402,165345.98
1403,217745.7
1404,199902.61
1405,140655.61
1406,146961.7
1407,198682.61
1408,148640.25
1409,189824.69
1410,170974.67
1411,146929.95
1412,167675.27
1413,172037.19
1414,163752.97
1415,153665.28
1416,144074.55
1417,163475.5
1418,175045.36
1419,152098.16
1420,153289.52
1421,175958.66
1422,145728.9
1423,181501.1
1424,161904.28
1425,176776.83
1426,174269.8
1427,136569.27
1428,159058.27
1429,173041.8
1430,193247.55
1431,182449.7
1432,156798.14
1433,166899.45
1434,161642.28
1435,168685.45
1436,153786.88
1437,148729.06
1438,165156.08
1439,208360.02
1440,160871.36
1441,157342.0
1442,199062.78
1443,157374.34
1444,195760.02
1445,200810.98
1446,177957.48
1447,156518.56
1448,167759.36
1449,180982.88
1450,162189.19
1451,178258.97
1452,143953.64
1453,197464.94
1454,171916.5
1455,170292.11
1456,167009.19
1457,163347.47
1458,211302.66
1459,169575.6
1460,164639.64
1461,171840.38
1462,212406.48
1463,175562.52
1464,182429.4
1465,175807.88
1466,147656.39
1467,187657.67
1468,180945.88
1469,150304.02
1470,202503.08
1471,159689.4
1472,191330.02
1473,166994.95
1474,135890.95
1475,155400.36
1476,170705.12
1477,162719.17
1478,169801.95
1479,157355.25
1480,159011.4
1481,196328.03
1482,190836.45
1483,174170.22
1484,209990.34
1485,174139.11
1486,200591.25
1487,170545.06
1488,153083.61
1489,153239.95
1490,183528.02
1491,177553.48
1492,165822.77
1493,150182.78
1494,173967.88
1495,207797.42
1496,186242.98
1497,169982.56
1498,131249.14
1499,124036.17
1500,162588.31
1501,190241.16
1502,184940.94
1503,210538.25
1504,210456.66
1505,182519.34
1506,179950.52
1507,182168.78
1508,191015.81
1509,182104.75
1510,172191.55
1511,181076.7
1512,190253.92
1513,210922.11
1514,192637.42
1515,193394.52
1516,202600.62
1517,190800.38
1518,194314.12
1519,179196.83
1520,192835.58
1521,234601.55
1522,187445.94
1523,185749.61
1524,144926.1
1525,179268.2
1526,190422.56
1527,197437.72
1528,160534.31
1529,228524.42
1530,216262.27
1531,176349.36
1532,194310.48
1533,202382.92
1534,187186.22
1535,189561.47
1536,201310.16
1537,200284.84
1538,197385.45
1539,208757.25
1540,164187.69
1541,177694.6
1542,192424.28
1543,251674.48
1544,189997.48
1545,196637.45
1546,169376.06
1547,203685.22
1548,220812.33
1549,181479.88
1550,199932.67
1551,197591.22
1552,209654.67
1553,201869.92
1554,201850.98
1555,161031.61
1556,190091.42
1557,174567.56
1558,211884.27
1559,202890.25
1560,228667.94
1561,172891.33
1562,199492.75
1563,181336.97
1564,188488.8
1565,173157.97
1566,209134.27
1567,205364.28
1568,157676.48
1569,248400.06
1570,276482.28
1571,207856.47
1572,220624.28
1573,214715.61
1574,195442.08
1575,195798.97
1576,225420.1
1577,215037.0
1578,257713.48
1579,217543.78
1580,192692.23
1581,179308.77
1582,223049.56
1583,186199.08
1584,160572.27
1585,240845.8
1586,185085.81
1587,211670.6
1588,162188.22
1589,230500.28
1590,212857.38
1591,191537.52
1592,180848.22
1593,176157.72
1594,202507.5
1595,187833.44
1596,189678.3
1597,223647.05
1598,205443.36
1599,179266.16
1600,224846.36
1601,219911.88
1602,165018.36
1603,191637.31
1604,198921.27
1605,242260.73
1606,219815.55
1607,222243.45
1608,160014.92
1609,182233.67
1610,180459.48
1611,229932.89
1612,201769.56
1613,185684.9
1614,188904.31
1615,203777.81
1616,201463.5
1617,217924.95
1618,232324.34
1619,192108.14
1620,191883.73
1621,180239.4
1622,237791.42
1623,219519.27
1624,238695.95
1625,205887.86
1626,189270.33
1627,184493.45
1628,244770.12
1629,209494.83
1630,204696.19
1631,175271.45
1632,235542.25
1633,229112.56
1634,173563.94
1635,199460.86
1636,216806.95
1637,194333.84
1638,206868.7
1639,209675.11
1640,212387.92
1641,262981.28
1642,229849.86
1643,220935.52
1644,223554.38
1645,225383.34
1646,222701.6
1647,207625.4
1648,237970.61
1649,259141.55
1650,224719.98
1651,225237.61
1652,278464.44
1653,237451.08
1654,224842.34
1655,215505.03
1656,243863.72
1657,231292.08
1658,181484.95
1659,292573.8
1660,218136.39
1661,239540.08
1662,248404.53
1663,235069.48
1664,224932.47
1665,211683.12
1666,247729.23
1667,196662.38
1668,140128.23
1669,242615.61
1670,224166.28
1671,198317.23
1672,243581.89
1673,222366.89
1674,248098.0
1675,251228.39
1676,229171.12
1677,201624.42
1678,209769.94
1679,193293.34
1680,223468.08
1681,224011.31
1682,206569.02
1683,259027.28
1684,245712.33
1685,215333.67
1686,235152.7
1687,191812.75
1688,261855.28
1689,229514.58
1690,240907.69
1691,248948.66
1692,243172.84
1693,243487.25
1694,263536.84
1695,219864.78
1696,227172.28
1697,245967.27
1698,213205.36
1699,257512.94
1700,232630.1
1701,228333.42
1702,227235.89
1703,243293.22
1704,216910.8
1705,235688.08
1706,228949.05
1707,240318.77
1708,247568.77
1709,251342.3
1710,227358.3
1711,241836.06
1712,269551.97
1713,254624.7
1714,202678.64
1715,247437.58
1716,257477.16
1717,247185.97
1718,266638.12
1719,242156.78
1720,252189.58
1721,259151.22
1722,232274.31
1723,279434.0
1724,241152.14
1725,260315.31
1726,240496.61
1727,260120.48
1728,241258.31
1729,150007.8
1730,282588.97
1731,250276.34
1732,285396.56
1733,226637.5
1734,263216.72
1735,215478.39
1736,212086.14
1737,207376.72
1738,226952.39
1739,280566.84
1740,219700.77
1741,293122.34
1742,249278.58
1743,268811.5
1744,263124.12
1745,223195.22
1746,301764.78
1747,271759.0
1748,260946.78
1749,299491.12
1750,285512.84
1751,247280.12
1752,264945.34
1753,303849.16
1754,287745.2
1755,273472.12
1756,258158.64
1757,296524.53
1758,312900.97
1759,314421.88
1760,308225.62
1761,323269.94
1762,286377.03
1763,322925.25
1764,316155.62
1765,273881.06
1766,326433.38
1767,211198.34
1768,313281.9
1769,237432.78
1770,289857.38
1771,325927.8
1772,94126.3
1773,104344.64
1774,164434.95
1775,162998.17
1776,128347.41
1777,159968.84
1778,120736.63
1779,137131.27
1780,95612.01
1781,162728.39
1782,77468.164
1783,88151.36
1784,203982.33
1785,88363.01
1786,103160.914
1787,117445.27
1788,153464.12
1789,89200.99
1790,115324.305
1791,185109.2
1792,131839.95
1793,171193.84
1794,112002.46
1795,164906.84
1796,116122.984
1797,119040.84
1798,123963.01
1799,139320.6
1800,125965.05
1801,113579.23
1802,135873.75
1803,148339.05
1804,162820.33
1805,163001.78
1806,108714.56
1807,148835.83
1808,113560.375
1809,118612.03
1810,131591.95
1811,90330.586
1812,103508.164
1813,117427.164
1814,142450.81
1815,125041.81
1816,92948.61
1817,132323.53
1818,78768.2
1819,133458.28
1820,140239.25
1821,149584.95
1822,150050.95
1823,110800.06
1824,139173.5
1825,122477.805
1826,152983.64
1827,162641.28
1828,137712.48
1829,103430.88
1830,134854.16
1831,122282.53
1832,142786.45
1833,152869.4
1834,166624.06
1835,136861.39
1836,172858.92
1837,151925.52
1838,110346.94
1839,140339.7
1840,151363.3
1841,179755.1
1842,220261.89
1843,127771.58
1844,133368.1
1845,132654.6
1846,145775.55
1847,131418.14
1848,149867.11
1849,151634.92
1850,140181.27
1851,184425.31
1852,164100.67
1853,128497.9
1854,129280.52
1855,123860.58
1856,137396.23
1857,147907.48
1858,140644.9
1859,135561.83
1860,135648.44
1861,133471.77
1862,132546.83
1863,136261.55
1864,130053.414
1865,142102.42
1866,150342.22
1867,147999.61
1868,146445.81
1869,136317.44
1870,128478.63
1871,162091.67
1872,144952.05
1873,154009.81
1874,135513.7
1875,156251.12
1876,184597.17
1877,143365.8
1878,142784.17
1879,160587.77
1880,147981.95
1881,133656.45
1882,174454.05
1883,189665.25
1884,146919.1
1885,148479.83
1886,147248.89
1887,162035.97
1888,180012.8
1889,130564.83
1890,127374.55
1891,204476.92
1892,134175.31
1893,155110.38
1894,137963.62
1895,168830.14
1896,154396.95
1897,133351.02
1898,146070.3
1899,154431.67
1900,150835.84
1901,148456.03
1902,137122.22
1903,217058.14
1904,146217.4
1905,169250.6
1906,154948.95
1907,152164.11
1908,160410.02
1909,158796.36
1910,139675.0
1911,150820.2
1912,153785.1
1913,135965.9
1914,140520.8
1915,128364.02
1916,98104.96
1917,141386.75
1918,172477.7
1919,149063.11
1920,199287.47
1921,125513.195
1922,136535.48
1923,186532.55
1924,147834.27
1925,176610.05
1926,179381.3
1927,175728.33
1928,139730.48
1929,155483.27
1930,155219.44
1931,142862.06
1932,104388.65
1933,144519.36
1934,154887.94
1935,138080.25
1936,137688.27
1937,153423.06
1938,182242.58
1939,189954.97
1940,169670.52
1941,151393.17
1942,149913.08
1943,214526.42
1944,160692.83
1945,179815.94
1946,180139.22
1947,167454.69
1948,135499.14
1949,171507.89
1950,170686.92
1951,168088.67
1952,196668.12
1953,165996.19
1954,155553.14
1955,206598.73
1956,165300.11
1957,142042.89
1958,147226.2
1959,224614.44
1960,166128.75
1961,181314.27
1962,167039.1
1963,209446.34
1964,154534.44
1965,155552.12
1966,175577.84
1967,182520.86
1968,166370.25
1969,162314.73
1970,129587.4
1971,168465.44
1972,134646.89
1973,155741.58
1974,159328.8
1975,159525.11
1976,149702.08
1977,162325.31
1978,147188.62
1979,169796.6
1980,143259.7
1981,164887.08
1982,148990.48
1983,173461.33
1984,160832.7
1985,152498.73
1986,177744.8
1987,189577.98
1988,167278.62
1989,156939.97
1990,177804.42
1991,236992.02
1992,151896.69
1993,192648.67
1994,202575.28
1995,150786.34
1996,175249.2
1997,141510.28
1998,167362.38
1999,179051.62
2000,169100.53
2001,163454.69
2002,183068.4
2003,178845.3
2004,161756.45
2005,165003.17
2006,166168.95
2007,153449.84
2008,208557.33
2009,162196.16
2010,193136.11
2011,200255.12
2012,161561.02
2013,178097.67
2014,212050.64
2015,175427.25
2016,190768.77
2017,204039.33
2018,176832.1
2019,168749.92
2020,177539.5
2021,145311.11
2022,166408.42
2023,155204.05
2024,191948.3
2025,157072.19
2026,157097.12
2027,165509.08
2028,203345.53
2029,185001.17
2030,172896.78
2031,182710.89
2032,170124.47
2033,172346.42
2034,188284.64
2035,226259.88
2036,180304.92
2037,173375.31
2038,213523.89
2039,184548.52
2040,216522.97
2041,163244.78
2042,234417.02
2043,233501.17
2044,169056.28
2045,176657.12
2046,170210.88
2047,178431.03
2048,229752.83
2049,162429.62
2050,213614.56
2051,188045.88
2052,166871.08
2053,177610.12
2054,178316.02
2055,179115.73
2056,224019.28
2057,175766.6
2058,196430.8
2059,247298.94
2060,273590.62
2061,188259.72
2062,136402.44
2063,201697.72
2064,190041.23
2065,167145.27
2066,158088.66
2067,166081.88
2068,175239.9
2069,189924.75
2070,198227.05
2071,222960.19
2072,202582.69
2073,199066.48
2074,183897.44
2075,172057.55
2076,210855.17
2077,247595.75
2078,202011.42
2079,192662.95
2080,171512.53
2081,189098.75
2082,189903.38
2083,166962.25
2084,189884.89
2085,178672.03
2086,216363.1
2087,288306.84
2088,192534.56
2089,246283.25
2090,226145.48
2091,258316.9
2092,210783.39
2093,211344.95
2094,192008.52
2095,226202.86
2096,182506.77
2097,166890.58
2098,181711.69
2099,231306.08
2100,143085.69
2101,179578.28
2102,205191.38
2103,199992.53
2104,204395.5
2105,191062.77
2106,198977.84
2107,181265.8
2108,156148.05
2109,218896.5
2110,178571.34
2111,220123.47
2112,218709.22
2113,216590.83
2114,186316.0
2115,207774.22
2116,233087.42
2117,174427.36
2118,263978.97
2119,226494.7
2120,184398.52
2121,217553.3
2122,202021.92
2123,214739.19
2124,200934.08
2125,185384.72
2126,166345.34
2127,217449.47
2128,235869.89
2129,190056.11
2130,183649.64
2131,228219.61
2132,246363.05
2133,242440.92
2134,215327.44
2135,203535.67
2136,161698.52
2137,219926.62
2138,215575.27
2139,226989.06
2140,250851.5
2141,230663.23
2142,183263.05
2143,246250.12
2144,260534.89
2145,190605.56
2146,187539.31
2147,246542.47
2148,228548.66
2149,226144.66
2150,263829.6
2151,222494.22
2152,198870.19
2153,200501.9
2154,205878.2
2155,192836.48
2156,233004.31
2157,203976.97
2158,196695.84
2159,198054.92
2160,237510.77
2161,210090.78
2162,188313.5
2163,220424.97
2164,257840.69
2165,243343.12
2166,197472.28
2167,178278.12
2168,189911.62
2169,245144.64
2170,251269.6
2171,260053.45
2172,224120.52
2173,233418.61
2174,213776.92
2175,205297.42
2176,228837.55
2177,189245.3
2178,176414.95
2179,209126.48
2180,211263.9
2181,240868.95
2182,229114.86
2183,241399.67
2184,224236.95
2185,196263.44
2186,210940.56
2187,234159.06
2188,255072.39
2189,218137.92
2190,249966.8
2191,175534.92
2192,269553.94
2193,243751.84
2194,226819.06
2195,210110.53
2196,243047.36
2197,211046.62
2198,206791.53
2199,248941.06
2200,217026.56
2201,206452.33
2202,245024.61
2203,239016.3
2204,205358.84
2205,205715.16
2206,226807.12
2207,216317.12
2208,265979.38
2209,183715.94
2210,222615.33
2211,220641.12
2212,202171.55
2213,255684.22
2214,231011.95
2215,236189.72
2216,196449.22
2217,175478.33
2218,168499.7
2219,265127.78
2220,261222.4
2221,213291.78
2222,209084.77
2223,259512.62
2224,249870.08
2225,202975.64
2226,252172.78
2227,199571.36
2228,243711.2
2229,263880.4
2230,253159.78
2231,235632.94
2232,232629.92
2233,277008.2
2234,228628.16
2235,221108.44
2236,194640.69
2237,245624.83
2238,262235.22
2239,242201.22
2240,174343.94
2241,262960.34
2242,217364.84
2243,223022.42
2244,238276.67
2245,255406.14
2246,206490.0
2247,306293.12
2248,194866.19
2249,192819.86
2250,206231.88
2251,253419.4
2252,263959.7
2253,213689.06
2254,261169.45
2255,262384.12
2256,282255.88
2257,242469.94
2258,269870.88
2259,265996.66
2260,238451.83
2261,276373.8
2262,233944.84
2263,308848.0
2264,245720.05
2265,243221.81
2266,249621.98
2267,183438.38
2268,279536.6
2269,261925.4
2270,237710.47
2271,259297.6
2272,271690.22
2273,242003.28
2274,276333.1
2275,286032.12
2276,279933.3
2277,250919.05
2278,316319.75
2279,274886.4
2280,167505.02
2281,292728.25
2282,302706.25
2283,247308.05
2284,295467.38
2285,277000.78
2286,228951.53
2287,241319.78
2288,287492.9
2289,284492.8
2290,187979.39
2291,283816.0
2292,258213.05
2293,253799.89
2294,316538.62
2295,305282.7
2296,259917.7
2297,267047.72
2298,310352.84
2299,308497.94
2300,236240.86
2301,288090.88
2302,319290.0
2303,242134.84
2304,282681.1
2305,303944.94
2306,162836.7
2307,102124.3
2308,98629.37
2309,152019.14
2310,131955.11
2311,203346.45
2312,102912.45
2313,144989.53
2314,144156.7
2315,130311.87
2316,143556.88
2317,145652.55
2318,144842.6
2319,147604.92
2320,140137.75
2321,148481.36
2322,183794.42
2323,152087.6
2324,136835.66
2325,147158.73
2326,146234.73
2327,153539.53
2328,172036.27
2329,174701.14
2330,191851.38
2331,179778.98
2332,169685.28
2333,174597.1
2334,177012.3
2335,120205.65
2336,188572.69
2337,159478.2
2338,147395.08
2339,139757.3
2340,194437.64
2341,165972.4
2342,160559.97
2343,201189.05
2344,202741.45
2345,170838.11
2346,216044.8
2347,215359.64
2348,185198.55
2349,224883.36
2350,236905.9
2351,191199.36
2352,201121.72
2353,259113.16
2354,230029.47
2355,217835.22
2356,215704.42
2357,277208.12
2358,236571.25
2359,235640.69
2360,244859.19
2361,220008.19
2362,241279.38
2363,231407.12
2364,251828.2
2365,311697.88
